ID,Survey Date,Stream,Distance [Station],Sighting,Status,Species,Size,Redd,Gravel,Life Stage,Sex,Adipose Fin?,Carcass Age,Spawning Success,Predation,Notes
111018001,11-10-2018,Piper's Creek,Beach,,R,U,U,,,A,F,U,U,Unk,S,
111018002,11-10-2018,Piper's Creek,Beach,,R,CH,U,,,A,M,Y,U,Unk,S,
111018003,11-10-2018,Piper's Creek,Beach,,D,CH,26.0x5.0,,,A,F,Y,24,S,U,
111018004,11-10-2018,Piper's Creek,Beach,,D,CH,28.5x6.5,,,A,M,Y,12,P,Y/P,
111018005,11-10-2018,Piper's Creek,Beach,,D,CH,28.0x6.0,,,A,M,Y,48,S,U,
111018006,11-10-2018,Piper's Creek,125,,R,U,U,,,A,U,U,U,Unk,U,
111018007,11-10-2018,Piper's Creek,130,,R,CH,U,,,A,M,Y,48,S,U,
111018008,11-10-2018,Piper's Creek,130,,R,U,U,,,A,M,Y,8,Unk,U,
111018009,11-10-2018,Piper's Creek,135,,R,U,U,,,A,U,U,U,Unk,Y/P,
111018010,11-10-2018,Piper's Creek,180,,R,CO,U,,,A,U,U,U,Unk,Y/S,Heads only
111018011,11-10-2018,Piper's Creek,180,,R,CO,U,,,A,U,U,U,Unk,Y/S,Heads only
111018012,11-10-2018,Piper's Creek,180,,R,CO,U,,,A,U,U,U,Unk,Y/S,Heads only
111018013,11-10-2018,Piper's Creek,180,,R,CH,U,,,A,U,Y,U,Unk,Y/S,
111018014,11-10-2018,Piper's Creek,180,,R,CH,U,,,A,U,Y,U,Unk,Y/S,
111018015,11-10-2018,Piper's Creek,190,,D,CH,33.0x7.0,,,A,M,Y,U,S,S,
111018016,11-10-2018,Piper's Creek,190,,R,U,U,,,A,U,U,U,Unk,U,
111018017,11-10-2018,Piper's Creek,300,,L,U,U,,,A,U,U,-,Unk,N,
111018018,11-10-2018,Piper's Creek,300,,L,U,U,,,A,U,U,-,Unk,N,
111018019,11-10-2018,Piper's Creek,300,,L,U,U,,,A,U,U,-,Unk,N,
111018020,11-10-2018,Piper's Creek,330,,D,Ch,23.0x4.0,,,A,F,Y,24,P,N,
111018021,11-10-2018,Piper's Creek,400,,R,U,U,,,A,U,U,72,Unk,Y/S,
111018022,11-10-2018,Piper's Creek,420,,D,Ch,26.5x4.5,,,A,F,Y,1,S,Y/P,Very fresh
111018023,11-10-2018,Piper's Creek,450,,L,U,U,,,A,U,U,-,Unk,N,
111018024,11-10-2018,Piper's Creek,450,,L,U,U,,,A,U,U,-,Unk,N,
111018025,11-10-2018,Piper's Creek,450,,L,U,U,,,A,U,U,-,Unk,N,
111018026,11-10-2018,Piper's Creek,625,,L,Ch,U,,,A,U,U,-,Unk,N,
111018027,11-10-2018,Piper's Creek,800,,L,Ch,U,,,A,U,U,-,Unk,N,
111018028,11-10-2018,Piper's Creek,800,,L,U,U,,,A,U,U,-,Unk,N,
111018029,11-10-2018,Piper's Creek,800,,L,U,U,,,A,U,U,-,Unk,N,
111018030,11-10-2018,Piper's Creek,900,,L,Ch,U,,,A,U,U,-,Unk,N,
111018031,11-10-2018,Piper's Creek,900,,L,Ch,U,,,A,U,U,-,Unk,N,
111018032,11-10-2018,Piper's Creek,900,,L,Ch,U,,,A,U,U,-,Unk,N,
111018033,11-10-2018,Piper's Creek,900,,L,Ch,U,,,A,U,U,-,Unk,N,
111018034,11-10-2018,Piper's Creek,900,,L,U,U,,,A,U,U,-,Unk,N,
111018035,11-10-2018,Piper's Creek,900,,L,U,U,,,A,U,U,-,Unk,N,
111018036,11-10-2018,Piper's Creek,900,,L,Ch,U,,,A,M,U,-,Unk,N,
111018037,11-10-2018,Piper's Creek,900,,L,Ch,U,,,A,M,U,-,Unk,N,
111018038,11-10-2018,Piper's Creek,990,,D,Ch,26.0x5.5,,,A,M,Y,48,P,N,
111018039,11-10-2018,Piper's Creek,1000,,L,Ch,U,,,A,M,U,-,Unk,N,
111018040,11-10-2018,Piper's Creek,1000,,L,Ch,U,,,A,F,U,-,Unk,N,
111018041,11-10-2018,Piper's Creek,1050,,D,Co,23.0x4.0,,,A,U,N,72,Unk,Y/S,
111018042,11-10-2018,Piper's Creek,1050,,D,Co,22.0x3.5,,,A,F,N,72,Uns,N,
111018043,11-10-2018,Piper's Creek,1050,,D,Co,21.0x4.0,,,A,F,N,72,P,N,
111018044,11-10-2018,Piper's Creek,1080,,D,Ch,30.0x7.0,,,A,M,Y,36,S,Y/S,Minor Scav.
111018045,11-10-2018,Piper's Creek,1190,,D,Ch,29.0x6.5,,,A,M,Y,12,P,Y/S,"15ft off channel, south side Piper’s Creek"
111018046,11-10-2018,Piper's Creek,1200,,D,Co,21.0x4.0,,,A,F,N,24,Unk,Y/S,
111018047,11-10-2018,Piper's Creek,1200,,D,Co,23.0x5.0,,,A,F,N,24,P,S,
111018048,11-10-2018,Piper's Creek,1295,,R,Co,U,,,A,F,N,36,Uns,Y/S,
111018049,11-10-2018,Piper's Creek,1300,,D,Ch,U,,,A,M,Y,12,P,Y,Coyote stashes/caches between 1200-1500ft – on the south side of Piper’s up-to 50ft up hillside – as seen during the last 3 fall runs.
111018050,11-10-2018,Piper's Creek,1300,,D,Ch,31.0x6.0,,,A,M,Y,48,S,S,Coyote stashes/caches between 1200-1500ft – on the south side of Piper’s up-to 50ft up hillside – as seen during the last 3 fall runs.
111018051,11-10-2018,Piper's Creek,1300,,D,Co,20.0x4.0,,,A,F,N,24,Uns,S,Coyote stashes/caches between 1200-1500ft – on the south side of Piper’s up-to 50ft up hillside – as seen during the last 3 fall runs.
111018052,11-10-2018,Piper's Creek,1300,,L,Ch,U,,,A,U,U,-,Unk,N,
111018053,11-10-2018,Piper's Creek,1300,,L,Ch,U,,,A,U,U,-,Unk,N,
111018054,11-10-2018,Piper's Creek,1300,,L,Ch,U,,,A,U,U,-,Unk,N,
111018055,11-10-2018,Piper's Creek,1300,,L,Ch,U,,,A,U,U,-,Unk,N,
111018056,11-10-2018,Piper's Creek,1300,,L,Ch,U,,,A,U,U,-,Unk,N,
111018057,11-10-2018,Piper's Creek,1300,,L,Ch,U,,,A,U,U,-,Unk,N,
111018058,11-10-2018,Piper's Creek,1300,,L,Ch,U,,,A,U,U,-,Unk,N,
111018059,11-10-2018,Piper's Creek,1325,,L,Ch,U,,,A,U,U,-,Unk,N,
111018060,11-10-2018,Piper's Creek,1325,,L,Ch,U,,,A,U,U,-,Unk,N,
111018061,11-10-2018,Piper's Creek,1350,,D,Co,18.0x3.5,,,A,F,N,24,P,Y,
111018062,11-10-2018,Piper's Creek,1470,,D,Co,24.5x5.5,,,A,F,N,48,Uns,N,
111018063,11-10-2018,Piper's Creek,1500,,D,Co,28.0x6.0,,,A,F,N,72+,Unk,S,
111018064,11-10-2018,Piper's Creek,1500,,L,Ch,U,,,A,U,U,-,Unk,N,
111018065,11-10-2018,Piper's Creek,1500,,D,Co,23.0x4.0,,,A,F,N,72+,S,S,
111018066,11-10-2018,Piper's Creek,1500,,D,Co,24.0x4.5,,,A,F,N,48+,P,S,
111018067,11-10-2018,Piper's Creek,1600,,L,Ch,U,,,A,U,U,-,Unk,N,
111018068,11-10-2018,Piper's Creek,1600,,L,Ch,U,,,A,U,U,-,Unk,N,
111018069,11-10-2018,Piper's Creek,1700,,D,Co,22.0x4.0,,,A,U,N,12,P,N,
111018070,11-10-2018,Piper's Creek,1700,,D,Co,19.5x4.0,,,A,F,N,24,Uns,N,
111018071,11-10-2018,Piper's Creek,1750,,R,Ch,U,,,A,M,Y,24,S,Y,
111018072,11-10-2018,Piper's Creek,1760,,D,Ch,31.0x6.5,,,A,M,Y,48,P,Y/S,
111018073,11-10-2018,Piper's Creek,1775,,L,Ch,U,,,A,U,U,-,Unk,N,
111018074,11-10-2018,Piper's Creek,1775,,L,Ch,U,,,A,U,U,-,Unk,N,
111018075,11-10-2018,Piper's Creek,1775,,L,Ch,U,,,A,U,U,-,Unk,N,
111018076,11-10-2018,Piper's Creek,1775,,L,Ch,U,,,A,U,U,-,Unk,N,
111018077,11-10-2018,Piper's Creek,1875,,L,Ch,U,,,A,U,U,-,Unk,N,
111018078,11-10-2018,Piper's Creek,1880,,D,Ch,31.0x7.0,,,A,M,Y,36,P,Y/S,
111018079,11-10-2018,Piper's Creek,1910,,R,Co,U,,,A,U,U,72+,Unk,Y/S,"Belly opened, unknown if spawned"
111018080,11-10-2018,Piper's Creek,1910,,R,Co,U,,,A,U,U,72+,S,Y/S,
111018081,11-10-2018,Piper's Creek,1950,,D,Co,24.0x5.0,,,A,F,N,36+,Uns,N,
111018082,11-10-2018,Piper's Creek,2000,,L,U,U,,,A,U,U,-,Unk,N,
111018085,11-10-2018,Venema Creek,550,,L,Ct,U,,,A/R,U,U,-,Unk,N,Possible nest building behavior
111018086,11-10-2018,Venema Creek,550,,L,Ct,U,,,A/R,U,U,-,Unk,N,Possible nest building behavior
111718001,11-17-2018,Piper's Creek,Beach,,D,Ch,27.0x5.0,,,A,F,Y,24,Uns,S,
111718002,11-17-2018,Piper's Creek,Beach,,R,U,U,,,A,U,U,U,Unk,U,
111718003,11-17-2018,Piper's Creek,Beach,,R,U,U,,,A,U,U,U,Unk,U,
111718004,11-17-2018,Piper's Creek,100,,D,Ch,28.0xU,,,A,M,Y,>12,P,N,
111718005,11-17-2018,Piper's Creek,100,,R,U,U,,,A,U,U,U,Unk,Y,"Head only, maybe otter since near estuary"
111718006,11-17-2018,Piper's Creek,150,,R,U,U,,,A,U,U,U,Unk,Y,"Head only, maybe otter since near estuary"
111718007,11-17-2018,Piper's Creek,175,,R,U,U,,,A,U,U,U,Unk,Y,"Head only, maybe otter since near estuary"
111718008,11-17-2018,Piper's Creek,175,,R,U,U,,,A,U,U,U,Unk,Y,"Head only, maybe otter since near estuary"
111718009,11-17-2018,Piper's Creek,175,,R,U,U,,,A,U,U,U,Unk,Y,"Head only, maybe otter since near estuary"
111718010,11-17-2018,Piper's Creek,300,,D,Ch,27.0x4.5,,,A,F,Y,48,S,P,
111718011,11-17-2018,Piper's Creek,325,,D,Ch,26.0x4.5,,,A,F,Y,72,P,S,
111718012,11-17-2018,Piper's Creek,350,,D,Ch,30.0x7.0,,,A,M,Y,72,S,S,
111718013,11-17-2018,Piper's Creek,350,,D,Ch,28.0x5.0,,,A,F,Y,24,S,S,
111718014,11-17-2018,Piper's Creek,450,,L,U,U,,,A,U,U,-,Unk,U,Heard and felt splash
111718015,11-17-2018,Piper's Creek,475,,R,Ch,28.0x5.5,,,A,M,Y,48,P,S,
111718016,11-17-2018,Piper's Creek,475,,D,Co,20.0x3.5,,,A,F,N,72,P,S,
111718017,11-17-2018,Piper's Creek,570,,L,Ch,M,,,A,M,U,-,Unk,U,
111718018,11-17-2018,Piper's Creek,600,,L,Ch,U,,,A,U,U,-,Unk,U,
111718019,11-17-2018,Piper's Creek,600,,D,Ch,21.0x5.0,,,A,F,Y,72,Uns,S,
111718020,11-17-2018,Piper's Creek,600,,R,U,U,,,A,U,U,U,Unk,U,
111718021,11-17-2018,Piper's Creek,600,,D,Co,20.0x3.5,,,A,F,N,24,S,Unk,
111718022,11-17-2018,Piper's Creek,650,,D,Ch,25.5x5.0,,,A,F,Y,48,S,N,
111718023,11-17-2018,Piper's Creek,630,,L,Ch,U,,,A,U,U,-,Unk,U,Smaller fish
111718024,11-17-2018,Piper's Creek,630,,L,Ch,F,,,A,U,U,-,Unk,U,
111718025,11-17-2018,Piper's Creek,630,,L,Ch,F,,,A,U,U,-,Unk,U,
111718026,11-17-2018,Piper's Creek,650,,L,Ch,F,,,A,U,U,-,Unk,U,
111718027,11-17-2018,Piper's Creek,700,,L,Ch,U,,,A,U,U,-,Unk,U,Splashing – all that was seen or heard
111718028,11-17-2018,Piper's Creek,700,,D,Ch,29.0x6.0,,,A,M,Y,24,Uns,S,
111718029,11-17-2018,Piper's Creek,725,,D,Ch,25.0x5.0,,,A,F,Y,72,S,S,Missing one eye
111718030,11-17-2018,Piper's Creek,750,,D,Ch,25.0x4.5,,,A,F,Y,48,S,S,
111718031,11-17-2018,Piper's Creek,750,,D,Ch,25.0x4.0,,,A,F,Y,72,S,S,
111718032,11-17-2018,Piper's Creek,770,,L,Ch,F,,,A,U,U,-,Unk,U,
111718033,11-17-2018,Piper's Creek,780,,L,Ch,U,,,A,U,U,-,Unk,U,
111718034,11-17-2018,Piper's Creek,850,,L,Ch,U,,,A,U,U,-,Unk,U,
111718035,11-17-2018,Piper's Creek,875,,D,U,14.0x2.5,,,A,U,U,96,Unk,S,Possible Coho Jack?
111718036,11-17-2018,Piper's Creek,880,,L,Ch,U,,,A,F,U,-,Unk,U,
111718037,11-17-2018,Piper's Creek,900,,L,Ch,U,,,A,F,U,-,Unk,U,
111718038,11-17-2018,Piper's Creek,900,,D,Ch,31.0x7.0,,,A,M,Y,72,S,S,
111718039,11-17-2018,Piper's Creek,900,,D,Ch,27.0x4.5,,,A,M,Y,96,S,S,
111718040,11-17-2018,Piper's Creek,910,,L,Ch,U,,,A,U,U,-,Unk,U,
111718041,11-17-2018,Piper's Creek,920,,L,Ch,U,,,A,F,U,-,Unk,U,Active fish
111718042,11-17-2018,Piper's Creek,1000,,D,Ch,30.0x6.5,,,A,M,Y,48,S,N,
111718043,11-17-2018,Piper's Creek,1000,,D,Ch,30.0x5.5,,,A,M,Y,72,Uns,S,
111718044,11-17-2018,Piper's Creek,1000,,D,Ch,28.5x6.5,,,A,M,Y,72,S,S,
111718045,11-17-2018,Piper's Creek,1000,,D,Ch,31.0x6.0,,,A,M,Y,72,S,S,
111718046,11-17-2018,Piper's Creek,1025,,D,Ch,29.0x6.5,,,A,M,Y,72,S,S,
111718047,11-17-2018,Piper's Creek,1025,,D,Ch,24.4x4.0,,,A,F,Y,48,S,N,
111718048,11-17-2018,Piper's Creek,1025,,D,Ch,26.0x4.5,,,A,M,Y,72,S,S,
111718049,11-17-2018,Piper's Creek,1025,,D,Ch,23.0x4.25,,,A,F,Y,48,P,S,"Coyote stash, off-channel, hillside to S of Piper’s Cr"
111718050,11-17-2018,Piper's Creek,1025,,D,Ch,27.0x5.5,,,A,F,Y,72,S,S,
111718051,11-17-2018,Piper's Creek,1060,,L,Ch,U,,,A,F,U,-,Unk,U,
111718052,11-17-2018,Piper's Creek,1060,,L,Ch,U,,,A,F,U,-,Unk,U,
111718053,11-17-2018,Piper's Creek,1060,,L,Ch,U,,,A,M,U,-,Unk,U,
111718054,11-17-2018,Piper's Creek,1060,,L,Ch,U,,,A,F,U,-,Unk,U,
111718055,11-17-2018,Piper's Creek,1100,,L,Ch,U,,,A,F,U,-,Unk,U,
111718056,11-17-2018,Piper's Creek,1100,,L,Ch,U,,,A,F,U,-,Unk,U,
111718057,11-17-2018,Piper's Creek,1100,,L,Ch,U,,,A,M,U,-,Unk,U,
111718058,11-17-2018,Piper's Creek,1100,,L,Ch,U,,,A,M,U,-,Unk,U,
111718059,11-17-2018,Piper's Creek,1100,,D,Ch,29.0x6.0,,,A,M,Y,72,P,S,
111718060,11-17-2018,Piper's Creek,1100,,D,Ch,27.0x4.5,,,A,F,Y,48,S,S,
111718061,11-17-2018,Piper's Creek,1120,,L,Ch,U,,,A,F,U,-,Unk,U,
111718062,11-17-2018,Piper's Creek,1120,,L,Ch,U,,,A,M,U,-,Unk,U,
111718063,11-17-2018,Piper's Creek,1120,,L,Ch,U,,,A,F,U,-,Unk,U,
111718064,11-17-2018,Piper's Creek,1150,,D,Ch,30.0x6.0,,,A,M,Y,96,S,N,
111718065,11-17-2018,Piper's Creek,1160,,L,Ct,U,,,A,U,U,-,Unk,U,
111718066,11-17-2018,Piper's Creek,1160,,L,Ch,U,,,A,F,U,-,Unk,U,
111718067,11-17-2018,Piper's Creek,1160,,L,Ch,U,,,A,M,U,-,Unk,U,
111718068,11-17-2018,Piper's Creek,1160,,L,U,U,,,A,U,U,-,Unk,U,
111718069,11-17-2018,Piper's Creek,1160,,L,U,U,,,A,U,U,-,Unk,U,
111718070,11-17-2018,Piper's Creek,1160,,L,Ch,U,,,A,U,U,-,Unk,U,
111718071,11-17-2018,Piper's Creek,1160,,L,Ch,U,,,A,U,U,-,Unk,U,
111718072,11-17-2018,Piper's Creek,1160,,L,Ch,U,,,A,U,U,-,Unk,U,
111718073,11-17-2018,Piper's Creek,1160,,L,Ch,U,,,A,U,U,-,Unk,U,
111718074,11-17-2018,Piper's Creek,1200,,L,Ch,U,,,A,U,U,-,Unk,U,
111718075,11-17-2018,Piper's Creek,1220,,L,Ch,U,,,A,M,U,-,Unk,U,
111718076,11-17-2018,Piper's Creek,1225,,L,Ch,U,,,A,M,U,-,Unk,U,
111718077,11-17-2018,Piper's Creek,1225,,L,Ch,U,,,A,F,U,-,Unk,U,
111718078,11-17-2018,Piper's Creek,1230,,D,Ch,29.5x6.0,,,A,M,Y,<12,P,S,used in dissection class for UW – 11-18-18
111718079,11-17-2018,Piper's Creek,1240,,L,Ch,U,,,A,U,U,-,Unk,U,
111718080,11-17-2018,Piper's Creek,1250,,L,Ch,U,,,A,U,U,-,Unk,U,
111718081,11-17-2018,Piper's Creek,1250,,L,Ch,U,,,A,M,U,-,Unk,U,
111718082,11-17-2018,Piper's Creek,1250,,L,Ch,U,,,A,F,U,-,Unk,U,
111718083,11-17-2018,Piper's Creek,1250,,L,Ch,U,,,A,U,U,-,Unk,U,
111718084,11-17-2018,Piper's Creek,1250,,L,Ch,U,,,A,U,U,-,Unk,U,
111718085,11-17-2018,Piper's Creek,1250,,D,Ch,26.5x5.25,,,A,F,Y,72,S,S,
111718086,11-17-2018,Piper's Creek,1250,,D,Ch,30.0x5.5,,,A,F,Y,24,S,N,
111718087,11-17-2018,Piper's Creek,1300,,L,Ch,U,,,A,U,U,-,Unk,U,
111718088,11-17-2018,Piper's Creek,1340,,L,Ch,U,,,A,F,U,-,Unk,U,
111718089,11-17-2018,Piper's Creek,1340,,L,Ch,U,,,A,M,U,-,Unk,U,
111718090,11-17-2018,Piper's Creek,1340,,L,Ch,U,,,A,F,U,-,Unk,U,
111718091,11-17-2018,Piper's Creek,1340,,L,Ch,U,,,A,F,U,-,Unk,U,
111718092,11-17-2018,Piper's Creek,1340,,L,Ch,U,,,A,U,U,-,Unk,U,
111718093,11-17-2018,Piper's Creek,1350,,L,Ch,U,,,A,U,U,-,Unk,U,
111718094,11-17-2018,Piper's Creek,1350,,L,Ch,U,,,A,F,U,-,Unk,U,
111718095,11-17-2018,Piper's Creek,1350,,L,Ch,U,,,A,U,U,-,Unk,U,
111718096,11-17-2018,Piper's Creek,1375,,D,Ch,29.0x6.0,,,A,M,Y,24,P,N,
111718097,11-17-2018,Piper's Creek,1400,,D,Ch,25.5x5.0,,,A,F,Y,48,S,S,"Coyote stash, off-channel, hillside to S of Piper’s Cr"
111718098,11-17-2018,Piper's Creek,1400,,L,Ch,U,,,A,U,U,-,Unk,U,
111718099,11-17-2018,Piper's Creek,1450,,D,Ch,30.0x5.0,,,A,M,Y,24,S,N,
111718100,11-17-2018,Piper's Creek,1460,,L,Ch,U,,,A,U,U,-,Unk,U,
111718101,11-17-2018,Piper's Creek,1460,,L,Ch,U,,,A,U,U,-,Unk,U,
111718102,11-17-2018,Piper's Creek,1460,,L,Ch,U,,,A,F,U,-,Unk,U,
111718103,11-17-2018,Piper's Creek,1500,,L,Ch,U,,,A,F,U,-,Unk,U,
111718104,11-17-2018,Piper's Creek,1525,,L,Ch,U,,,A,F,U,-,Unk,U,
111718105,11-17-2018,Piper's Creek,1525,,L,Ch,U,,,A,M,U,-,Unk,U,
111718106,11-17-2018,Piper's Creek,1525,,L,Ch,U,,,A,M,U,-,Unk,U,
111718107,11-17-2018,Piper's Creek,1525,,L,Ch,U,,,A,U,U,-,Unk,U,
111718108,11-17-2018,Piper's Creek,1525,,L,Ch,U,,,A,U,U,-,Unk,U,
111718109,11-17-2018,Piper's Creek,1525,,R,U,U,,,A,U,U,U,U,U,
111718110,11-17-2018,Piper's Creek,1525,,D,Ch,26.0x5.0,,,A,M,Y,72,P,N,
111718111,11-17-2018,Piper's Creek,1550,,D,Ch,25.5x5.5,,,A,F,N,48,S,S/Y,"Coyote stash, off-channel, hillside to S of Piper’s Cr"
111718112,11-17-2018,Piper's Creek,1550,,L,Ch,U,,,A,M,U,-,Unk,U,
111718113,11-17-2018,Piper's Creek,1550,,D,Ch,26.0x5.5,,,A,F,Y,24,P,S/Y,"Coyote stash, off-channel, hillside to S of Piper’s Cr"
111718114,11-17-2018,Piper's Creek,1550,,D,Ch,27.0x4.5,,,A,F,Y,24,P,S/Y,"Coyote stash, off-channel, hillside to S of Piper’s Cr"
111718115,11-17-2018,Piper's Creek,1550,,D,Ch,30.0x6.0,,,A,F,Y,<24,Uns,S/Y,"Coyote stash, off-channel, hillside to S of Piper’s Cr"
111718116,11-17-2018,Piper's Creek,1550,,D,Ch,26.0x6.0,,,A,M,Y,<24,S,N/Y,"Coyote stash, off-channel, hillside to S of Piper’s Cr"
111718117,11-17-2018,Piper's Creek,1600,,D,Ch,25.0x4.0,,,A,M,Y,<24,Uns,N,
111718118,11-17-2018,Piper's Creek,1600,,D,Ch,28.0x5.0,,,A,M,Y,24,S,N,
111718119,11-17-2018,Piper's Creek,1600,,D,Ch,28.0x7.0,,,A,M,Y,48,P,Y,"Coyote stash, off-channel, hillside to S of Piper’s Cr"
111718120,11-17-2018,Piper's Creek,1600,,D,Ch,28.0x6.0,,,A,M,Y,48,P,Y,"Coyote stash, off-channel, hillside to S of Piper’s Cr"
111718121,11-17-2018,Piper's Creek,1600,,D,Ch,27.0x5.5,,,A,M,Y,72,P,Y/S,"Coyote stash, off-channel, hillside to S of Piper’s Cr"
111718122,11-17-2018,Piper's Creek,1600,,D,Ch,27.0.6.0,,,A,M,Y,48,P,Y/S,"Coyote stash, off-channel, hillside to S of Piper’s Cr"
111718123,11-17-2018,Piper's Creek,1600,,D,Ch,27.0x5.5,,,A,M,Y,24,S,Y/S,"Coyote stash, off-channel, hillside to S of Piper’s Cr"
111718124,11-17-2018,Piper's Creek,1630,,L,Ch,U,,,A,F,U,-,Unk,U,
111718125,11-17-2018,Piper's Creek,1630,,L,Ch,U,,,A,F,U,-,Unk,U,
111718126,11-17-2018,Piper's Creek,1630,,L,Ch,U,,,A,U,U,-,Unk,U,
111718127,11-17-2018,Piper's Creek,1630,,L,Ch,U,,,A,U,U,-,Unk,U,
111718128,11-17-2018,Piper's Creek,1630,,L,Ch,U,,,A,M,U,-,Unk,U,
111718129,11-17-2018,Piper's Creek,1690,,L,Ch,U,,,A,U,U,-,Unk,U,
111718130,11-17-2018,Piper's Creek,1690,,L,Ch,U,,,A,U,U,-,Unk,U,
111718131,11-17-2018,Piper's Creek,1800,,D,Ch,25.0x5.0,,,A,F,Y,<24,S,N,
111718132,11-17-2018,Piper's Creek,1800,,L,Ch,U,,,A,U,U,-,Unk,U,
111718133,11-17-2018,Piper's Creek,1820,,L,Ch,U,,,A,M,U,-,Unk,U,
111718134,11-17-2018,Piper's Creek,1820,,L,Ch,U,,,A,M,U,-,Unk,U,
111718135,11-17-2018,Piper's Creek,1820,,L,Ch,U,,,A,F,U,-,Unk,U,
111718136,11-17-2018,Piper's Creek,1830,,L,Ch,U,,,A,M,U,-,Unk,U,
111718137,11-17-2018,Piper's Creek,1850,,L,Ch,U,,,A,F,U,-,Unk,U,
111718138,11-17-2018,Piper's Creek,1850,,L,Ch,U,,,A,M,U,-,Unk,U,
111718139,11-17-2018,Piper's Creek,1850,,L,Ch,U,,,A,M,U,-,Unk,U,
111718140,11-17-2018,Piper's Creek,1850,,D,Ch,27.0x4.5,,,A,M,Y,96,S,S,
111718141,11-17-2018,Piper's Creek,1850,,D,U,22.0x4.0,,,A,F,N,48,P,S,Possible/Probable Coho
111718142,11-17-2018,Piper's Creek,1925,,D,Ch,25.0x5.0,,,A,F,Y,48,S,N,
111718143,11-17-2018,Piper's Creek,1940,,L,Ch,U,,,A,F,U,-,Unk,U,
111718144,11-17-2018,Piper's Creek,1950,,L,Ch,U,,,A,U,U,-,Unk,U,
111718145,11-17-2018,Piper's Creek,1950,,L,Ch,U,,,A,U,U,-,Unk,U,
111718146,11-17-2018,Piper's Creek,1950,,L,Ch,U,,,A,U,U,-,Unk,U,
111718147,11-17-2018,Piper's Creek,1960,,L,Ch,U,,,A,U,U,-,Unk,U,
111718148,11-17-2018,Piper's Creek,1960,,L,Ch,U,,,A,U,U,-,Unk,U,
111718149,11-17-2018,Piper's Creek,1960,,L,Ch,U,,,A,U,U,-,Unk,U,
111718150,11-17-2018,Piper's Creek,1960,,L,Ch,U,,,A,U,U,-,Unk,U,
111718151,11-17-2018,Piper's Creek,1960,,L,Ch,U,,,A,U,U,-,Unk,U,
111718152,11-17-2018,Piper's Creek,1990,,L,Ch,U,,,A,M,U,-,Unk,U,
111718153,11-17-2018,Piper's Creek,1990,,L,Ch,U,,,A,F,U,-,Unk,U,
111718154,11-17-2018,Piper's Creek,2000,,D,Ch,28.0x6.0,,,A,M,Y,24,S,S,
111718155,11-17-2018,Piper's Creek,2010,,L,Ch,U,,,A,U,,,,,
111718156,11-17-2018,Piper's Creek,2010,,L,Ch,U,,,A,U,U,-,Unk,U,
111718157,11-17-2018,Piper's Creek,2070,,L,Ch,U,,,A,F,U,-,Unk,U,
111718158,11-17-2018,Piper's Creek,2090,,L,Ch,U,,,A,U,U,-,Unk,U,
111718159,11-17-2018,Piper's Creek,2090,,L,Ch,U,,,A,U,U,-,Unk,U,
111718160,11-17-2018,Piper's Creek,2100,,L,Ch,U,,,A,M,U,-,Unk,U,In pool in front of CSO pump station culvert
111718161,11-17-2018,Piper's Creek,2100,,L,Ch,U,,,A,M,U,-,Unk,U,In pool in front of CSO pump station culvert
111718162,11-17-2018,Piper's Creek,2100,,L,Ch,U,,,A,F,U,-,Unk,U,In pool in front of CSO pump station culvert
111718163,11-17-2018,Piper's Creek,2100,,L,Ch,U,,,A,F,U,-,Unk,U,In pool in front of CSO pump station culvert
111718164,11-17-2018,Piper's Creek,2100,,L,Ch,U,,,A,U,U,-,Unk,U,In pool in front of CSO pump station culvert
111718165,11-17-2018,Piper's Creek,2100,,L,Ch,U,,,A,U,U,-,Unk,U,In pool in front of CSO pump station culvert
111718166,11-17-2018,Piper's Creek,2100,,L,Ch,U,,,A,U,U,-,Unk,U,In pool in front of CSO pump station culvert
111718167,11-17-2018,Piper's Creek,2100,,L,Ch,U,,,A,U,U,-,Unk,U,In pool in front of CSO pump station culvert
111718168,11-17-2018,Piper's Creek,2100,,L,Ch,U,,,A,U,U,-,Unk,U,In pool in front of CSO pump station culvert
111718169,11-17-2018,Piper's Creek,2100,,L,Ch,U,,,A,U,U,-,Unk,U,In pool in front of CSO pump station culvert
111718170,11-17-2018,Piper's Creek,2100,,L,Co,U,,,A,U,U,-,Unk,U,In pool in front of CSO pump station culvert
111718171,11-17-2018,Piper's Creek,2100,,L,Co,U,,,A,U,U,-,Unk,U,In pool in front of CSO pump station culvert
111718174,11-17-2018,Venema Creek,40,,,,,,,,U,U,-,Unk,U,
111718175,11-17-2018,Venema Creek,50,,,,,,,,M,U,-,Unk,U,
111718176,11-17-2018,Venema Creek,50,,L,Ch,U,,,A,F,U,-,Unk,U,
111718177,11-17-2018,Venema Creek,60,,L,Ch,U,,,A,U,U,-,Unk,U,
111718178,11-17-2018,Venema Creek,90,,L,Ch,U,,,A,F,U,-,Unk,U,
111718179,11-17-2018,Venema Creek,90,,L,Ch,U,,,A,F,U,-,Unk,U,
111718180,11-17-2018,Venema Creek,90,,L,Ch,U,,,A,M,U,-,Unk,U,
111718181,11-17-2018,Venema Creek,90,,L,Ch,U,,,A,U,U,-,Unk,U,
111718182,11-17-2018,Venema Creek,190,,R,Ch,U,,,A,M,Y,36,P,Y/S,Headless
111718183,11-17-2018,Venema Creek,400,,L,Ch,U,,,A,F,U,-,Unk,U,
111718184,11-17-2018,Venema Creek,400,,L,Ch,U,,,A,F,U,-,Unk,U,
111718185,11-17-2018,Venema Creek,400,,L,Ch,U,,,A,M,U,-,Unk,U,
111718186,11-17-2018,Venema Creek,450,,L,Ch,U,,,A,F,U,-,Unk,U,
111718187,11-17-2018,Venema Creek,500,,L,Ch,U,,,A,F,U,-,Unk,U,
112418001,11-24-2018,Piper's Creek,Beach,-,D,Ch,26.0x5.5,-,-,A,M,Y,48,S,S,
112418002,11-24-2018,Piper's Creek,Beach,-,D,Ch,26.0x4.5,-,-,A,M,Y,48,P,S,
112418003,11-24-2018,Piper's Creek,Beach,-,D,Ch,27.0x5.0,-,-,A,U,Y,96,Unk,S,
112418004,11-24-2018,Piper's Creek,Beach,-,D,Ch,28.0x5.5,-,-,A,M,Y,72,S,S,
112418005,11-24-2018,Piper's Creek,Beach,-,R,U,U,-,-,A,U,U,U,Unk,U,
112418006,11-24-2018,Piper's Creek,Beach,-,R,U,U,-,-,A,U,U,U,Unk,U,
112418007,11-24-2018,Piper's Creek,Beach,-,R,U,U,-,-,A,U,U,U,Unk,U,
112418008,11-24-2018,Piper's Creek,Beach,-,R,U,U,-,-,A,U,U,U,Unk,U,
112418009,11-24-2018,Piper's Creek,Beach,-,D,Ch,24.0x4.5,-,-,A,M,Y,72,S,S,
112418010,11-24-2018,Piper's Creek,Beach,-,D,Ch,25.0x4.5,-,-,A,M,Y,48,S,S,
112418011,11-24-2018,Piper's Creek,Beach,-,R,U,U,-,-,A,U,U,U,Unk,U,
112418012,11-24-2018,Piper's Creek,50,-,L,Ch,U,-,-,A,U,U,-,Unk,U,
112418013,11-24-2018,Piper's Creek,50,-,L,Ch,U,-,-,A,U,U,-,Unk,U,
112418014,11-24-2018,Piper's Creek,50,-,L,U,U,-,-,A,U,U,-,Unk,U,"Small, fast – possible adult cutthroat"
112418015,11-24-2018,Piper's Creek,100,-,Dl,Ch,27.0x4.5,-,-,Aa,F,Y,48,S,S,
112418016,11-24-2018,Piper's Creek,100,-,D,Ch,25.5x5.0,-,-,A,M,Y,24,S,N,
112418017,11-24-2018,Piper's Creek,130,PR,L,Ch,U,-,-,A,M,U,-,Unk,U,
112418018,11-24-2018,Piper's Creek,130,PR,L,Ch,U,-,-,A,F,U,-,Unk,U,
112418019,11-24-2018,Piper's Creek,180,-,R,Ch,U,-,-,A,U,U,U,Unk,U,
112418020,11-24-2018,Piper's Creek,190,-,D,Ch,24.0x5.0,-,-,A,F,Y,72,S,N,
112418021,11-24-2018,Piper's Creek,190,-,D,Ch,30.0x5.5,-,-,A,M,Y,72,P,N,
112418022,11-24-2018,Piper's Creek,190,-,D,Ch,29.0x6.0,-,-,A,M,Y,48,S,N,
112418023,11-24-2018,Piper's Creek,230,-,D,Ch,25.5x5.5,-,-,A,M,Y,72,P,S,
112418024,11-24-2018,Piper's Creek,250,-,D,Ch,27.0x5.0,-,-,A,M,Y,<24,P,S,
112418025,11-24-2018,Piper's Creek,250,-,D,Ch,26.5x5.0,-,-,A,M,Y,24,S,N,
112418026,11-24-2018,Piper's Creek,325,-,D,Ch,26.0x4.0,-,-,A,F,Y,96,S,N,
112418027,11-24-2018,Piper's Creek,335,-,D,Ch,27.0x4.5,-,-,A,F,Y,24,S,N,
112418028,11-24-2018,Piper's Creek,345,-,D,Ch,25.0x5.0,-,-,A,M,Y,24,P,N,
112418029,11-24-2018,Piper's Creek,400,-,L,U,U,-,-,A,U,U,-,Unk,U,"Small, fast – possible adult cutthroat"
112418030,11-24-2018,Piper's Creek,400,-,D,Ch,27.5x5.0,-,-,A,M,Y,24,S,N,
112418031,11-24-2018,Piper's Creek,420,-,D,Co,23.0x5.0,-,-,A,F,N,24,Uns,N,
112418032,11-24-2018,Piper's Creek,450,-,D,Ch,26.0x4.9,-,-,A,F,Y,96,S,S,
112418033,11-24-2018,Piper's Creek,475,-,L,U,U,-,-,A,U,U,-,Unk,U,
112418034,11-24-2018,Piper's Creek,475,-,D,Ch,27.0x4.5,-,-,A,M,Y,>120,S,S,
112418035,11-24-2018,Piper's Creek,485,-,D,Ch,27.0x5.0,-,-,A,F,Y,72,P,N,
112418036,11-24-2018,Piper's Creek,485,-,D,Ch,26.0x5.5,-,-,A,M,Y,72,S,S,
112418037,11-24-2018,Piper's Creek,485,-,D,Ch,30.0x5.5,-,-,A,M,Y,120,P,S,
112418038,11-24-2018,Piper's Creek,500,-,D,Ch,30.0x6.0,-,-,A,F,Y,24,S,S,
112418039,11-24-2018,Piper's Creek,500,-,D,Ch,25.0x4.5,-,-,A,F,Y,24,S,S,
112418040,11-24-2018,Piper's Creek,525,-,L,Ch,U,-,-,A,F,U,-,Unk,U,
112418041,11-24-2018,Piper's Creek,560,-,D,Ch,27.0x5.0,-,-,A,F,Y,48,S,S,
112418042,11-24-2018,Piper's Creek,560,-,D,Ch,25.0x4.5,-,-,A,F,Y,96,S,S,
112418043,11-24-2018,Piper's Creek,570,-,R,U,U,-,-,A,U,U,U,Unk,U,
112418044,11-24-2018,Piper's Creek,600,-,D,Ch,28.0x5.5,-,-,A,M,Y,48,P,S,
112418045,11-24-2018,Piper's Creek,600,-,D,Co,26.5x6.0,-,-,A,M,N,24,Uns,N,
112418046,11-24-2018,Piper's Creek,600,-,D,Ch,28.0x6.0,-,-,A,M,Y,72,S,S,
112418047,11-24-2018,Piper's Creek,625,-,L,Ch,U,-,-,A,U,U,-,Unk,U,
112418048,11-24-2018,Piper's Creek,670,-,R,Co,U,-,-,A,U,Y,U,Unk,U,
112418049,11-24-2018,Piper's Creek,680,-,L,Ch,U,-,-,A,F,U,-,Unk,U,
112418050,11-24-2018,Piper's Creek,680,-,D,Ch,26.0x4.5,-,-,A,M,Y,48,Unk,S,Heavy scavenging
112418051,11-24-2018,Piper's Creek,680,-,D,Ch,27.0x4.5,-,-,A,F,Y,72,P,S,
112418052,11-24-2018,Piper's Creek,680,-,D,Ch,27.0x4.0,-,-,A,F,Y,72,S,S,
112418053,11-24-2018,Piper's Creek,690,-,L,Ct,U,-,-,A,U,U,-,Unk,U,
112418054,11-24-2018,Piper's Creek,690,-,L,Ch,U,-,-,A,F,U,-,Unk,U,
112418055,11-24-2018,Piper's Creek,690,-,D,Ch,25.0x5.0,-,-,A,F,Y,48,S,N,
112418056,11-24-2018,Piper's Creek,720,-,D,Ch,23.5.4.0,-,-,A,F,Y,48,S,S,
112418057,11-24-2018,Piper's Creek,720,-,D,Ch,27.0x4.0,-,-,A,F,Y,120,S,S,
112418058,11-24-2018,Piper's Creek,720,-,D,Ch,20.0x7.0,-,-,A,M,Y,24,S,S,
112418059,11-24-2018,Piper's Creek,720,-,D,Ch,24.0x4.5,-,-,A,F,Y,48,P,S,
112418060,11-24-2018,Piper's Creek,775,-,L,Ch,U,-,-,A,U,U,-,Unk,U,
112418061,11-24-2018,Piper's Creek,800,-,D,Ch,26.0x5.5,-,-,A,F,Y,72,Uns,S,
112418062,11-24-2018,Piper's Creek,800,-,D,U,27.0x4.5,-,-,A,M,Y,96,S,S,
112418063,11-24-2018,Piper's Creek,800,-,D,Ch,24.5x4.5,-,-,A,F,Y,24,S,S,
112418064,11-24-2018,Piper's Creek,870,-,L,Ch,U,-,-,A,U,U,-,Unk,U,
112418065,11-24-2018,Piper's Creek,879,-,L,Ch,U,-,-,A,U,U,-,Unk,U,
112418066,11-24-2018,Piper's Creek,870,-,D,Ch,27.5x5.5,-,-,A,F,Y,72,S,S,
112418067,11-24-2018,Piper's Creek,870,-,D,Ch,27.0x5.0,-,-,A,M,Y,48,S,S,
112418068,11-24-2018,Piper's Creek,870,-,D,Ch,20.0x6.0,-,-,A,M,Y,48,S,S,
112418069,11-24-2018,Piper's Creek,870,-,D,Ch,26.0x4.5,-,-,A,M,Y,72,S,N,
112418070,11-24-2018,Piper's Creek,870,-,D,Ch,27.0x5.0,-,-,A,F,Y,72,S,S,
112418071,11-24-2018,Piper's Creek,870,-,D,Ch,28.0x4.5,-,-,A,M,Y,120,S,S,
112418072,11-24-2018,Piper's Creek,870,-,D,Ch,30.0x6.0,-,-,A,M,Y,72,S,N,
112418073,11-24-2018,Piper's Creek,870,-,D,Ch,26.0x5.0,-,-,A,F,Y,24,S,S,
112418074,11-24-2018,Piper's Creek,870,-,D,Ch,26.0x5.0,-,-,A,F,Y,24,S,S,
112418075,11-24-2018,Piper's Creek,890,-,L,Ch,U,-,-,A,M,U,-,Unk,U,
112418076,11-24-2018,Piper's Creek,910,-,R,U,U,-,-,A,U,U,U,Unk,U,
112418077,11-24-2018,Piper's Creek,950,-,L,Ch,U,-,-,A,M,U,-,Unk,U,
112418078,11-24-2018,Piper's Creek,990,-,D,Co,22.5.0x4.5,-,-,A,M,N,24,S,N,
112418079,11-24-2018,Piper's Creek,1000,-,D,Ch,27.0x5.0,-,-,A,F,Y,96,S,S,
112418080,11-24-2018,Piper's Creek,1000,-,D,Ch,26.0x4.5,-,-,A,M,Y,72,S,S,
112418081,11-24-2018,Piper's Creek,1050,-,L,Ch,U,-,-,A,F,U,-,Unk,U,
112418082,11-24-2018,Piper's Creek,1060,-,L,Ch,U,-,-,A,M,U,-,Unk,U,
112418083,11-24-2018,Piper's Creek,1060,-,L,Ch,U,-,-,A,F,U,-,Unk,U,
112418084,11-24-2018,Piper's Creek,1110,-,D,Ch,26.0x4.5,-,-,A,F,Y,96,S,S,
112418085,11-24-2018,Piper's Creek,1115,-,L,Ch,U,-,-,A,M,U,-,Unk,U,
112418086,11-24-2018,Piper's Creek,1150,-,L,Ch,U,-,-,A,M,U,-,Unk,U,
112418087,11-24-2018,Piper's Creek,1150,-,L,Ch,U,-,-,A,U,U,-,Unk,U,
112418088,11-24-2018,Piper's Creek,1150,-,L,Ch,U,-,-,A,U,U,-,Unk,U,
112418089,11-24-2018,Piper's Creek,1150,-,L,Ch,U,-,-,A,U,U,-,Unk,U,
112418090,11-24-2018,Piper's Creek,1200,-,L,Ch,U,-,-,A,M,U,-,Unk,U,
112418091,11-24-2018,Piper's Creek,1200,-,L,Ct,U,-,-,A,U,U,-,Unk,U,darter
112418092,11-24-2018,Piper's Creek,1250,-,L,Ch,U,-,-,A,M,U,-,Unk,U,
112418093,11-24-2018,Piper's Creek,1250,-,L,Ch,U,-,-,A,F,U,-,Unk,U,
112418094,11-24-2018,Piper's Creek,1250,-,D,U,25.0x5.0,-,-,A,F,Y,72,P,S,
112418095,11-24-2018,Piper's Creek,1270,-,D,Ch,26.0x4.0,-,-,A,F,Y,96,S,N,
112418096,11-24-2018,Piper's Creek,1270,-,D,Ch,29.0x5.0,-,-,A,M,Y,48,P,N,
112418097,11-24-2018,Piper's Creek,1290,-,D,Ch,30.0x5.5,-,-,A,M,Y,96,S,N,
112418098,11-24-2018,Piper's Creek,1300,-,L,Ch,U,-,-,A,F,U,-,Unk,U,
112418099,11-24-2018,Piper's Creek,1300,-,L,Ch,U,-,-,A,F,U,-,Unk,U,
112418100,11-24-2018,Piper's Creek,1300,-,L,Ch,U,-,-,A,M,U,-,Unk,U,
112418101,11-24-2018,Piper's Creek,1300,-,L,Ch,U,-,-,A,F,U,-,Unk,U,
112418102,11-24-2018,Piper's Creek,1300,-,L,Ct,U,-,-,A,U,U,-,Unk,U,darter
112418103,11-24-2018,Piper's Creek,1320,-,D,Ch,28.0x5.0,-,-,A,M,Y,72,S,S,
112418104,11-24-2018,Piper's Creek,1320,-,D,Ch,27.0x5.0,-,-,A,F,Y,72,P,S,
112418105,11-24-2018,Piper's Creek,1320,-,D,Ch,27.0x5.0,-,-,A,M,Y,72,P,S,
112418106,11-24-2018,Piper's Creek,1400,-,L,Ch,U,-,-,A,M,U,-,Unk,U,
112418107,11-24-2018,Piper's Creek,1430,-,D,Ch,27.0xU,-,-,A,M,Y,48,P,S/P,
112418108,11-24-2018,Piper's Creek,1430,-,D,Ch,25.0x4.0,-,-,A,M,Y,72,S,S,
112418109,11-24-2018,Piper's Creek,1450,-,L,Ch,U,-,-,A,U,U,-,Unk,U,
112418110,11-24-2018,Piper's Creek,1450,-,L,Ch,U,-,-,A,U,U,-,Unk,U,
112418111,11-24-2018,Piper's Creek,1450,-,L,Ch,U,-,-,A,F,U,-,Unk,U,
112418112,11-24-2018,Piper's Creek,1450,-,L,Ch,U,-,-,A,F,U,-,Unk,U,
112418113,11-24-2018,Piper's Creek,1450,-,D,Ch,28.0x5.0,-,-,A,M,Y,24,S,N,
112418114,11-24-2018,Piper's Creek,1450,-,D,Ch,25.0x4.5,-,-,A,F,Y,96,P,S,
112418115,11-24-2018,Piper's Creek,1480,-,D,Ch,29.0x5.5,-,-,A,M,Y,> 120,S,S,
112418116,11-24-2018,Piper's Creek,1480,-,D,Ch,26.0x5.0,-,-,A,M,Y,96,S,S,
112418117,11-24-2018,Piper's Creek,1480,-,D,Ch,28.0x5.0,-,-,A,M,Y,120,Unk,S,
112418118,11-24-2018,Piper's Creek,1500,-,L,Ch,U,-,-,A,F,U,-,Unk,U,
112418119,11-24-2018,Piper's Creek,1500,-,L,Ch,U,-,-,A,M,U,-,Unk,U,
112418120,11-24-2018,Piper's Creek,1500,-,L,Ch,U,-,-,A,U,U,-,Unk,U,
112418121,11-24-2018,Piper's Creek,1510,-,D,Ch,28.0x4.5,-,-,A,M,Y,48,S,S,
112418122,11-24-2018,Piper's Creek,1515,-,L,Ch,U,-,-,A,F,U,-,Unk,U,
112418123,11-24-2018,Piper's Creek,1515,-,L,Ch,U,-,-,A,F,U,-,Unk,U,
112418124,11-24-2018,Piper's Creek,1515,-,L,Ch,U,-,-,A,F,U,-,Unk,U,
112418125,11-24-2018,Piper's Creek,1515,-,L,Ch,U,-,-,A,U,U,-,Unk,U,
112418126,11-24-2018,Piper's Creek,1515,-,L,Ch,U,-,-,A,F,U,-,Unk,U,
112418127,11-24-2018,Piper's Creek,1515,-,L,Ch,U,-,-,A,F,U,-,Unk,U,
112418128,11-24-2018,Piper's Creek,1515,-,L,Ch,U,-,-,A,F,U,-,Unk,U,
112418129,11-24-2018,Piper's Creek,1520,-,D,Ch,25.0x5.0,-,-,A,F,Y,48,S,S,
112418130,11-24-2018,Piper's Creek,1540,-,L,Ch,U,-,-,A,F,U,-,Unk,U,
112418131,11-24-2018,Piper's Creek,1540,-,L,Ch,U,-,-,A,F,U,-,Unk,U,
112418132,11-24-2018,Piper's Creek,1540,-,L,Ch,U,-,-,A,M,U,-,Unk,U,
112418133,11-24-2018,Piper's Creek,1540,-,L,Ch,U,-,-,A,M,U,-,Unk,U,
112418134,11-24-2018,Piper's Creek,1580,-,D,Ch,25.0x6.0,-,-,A,M,Y,24,P,S/P,
112418135,11-24-2018,Piper's Creek,1590,-,R,Co,U,-,-,A,U,U,U,Unk,U,In one cache 30’ up hillside South of Piper’s channel
112418136,11-24-2018,Piper's Creek,1590,-,R,Co,U,-,-,A,U,U,U,Unk,U,In one cache 30’ up hillside South of Piper’s channel
112418137,11-24-2018,Piper's Creek,1590,-,R,Co,U,-,-,A,U,U,U,Unk,U,In one cache 30’ up hillside South of Piper’s channel
112418138,11-24-2018,Piper's Creek,1660,-,D,Ch,27.0x5.0,-,-,A,F,Y,72,P,S,
112418139,11-24-2018,Piper's Creek,1680,-,D,Ch,24.0x5.0,-,-,A,F,Y,24,P,S,
112418140,11-24-2018,Piper's Creek,1680,-,D,Ch,27.5x6.0,-,-,A,M,Y,48,S,S,
112418141,11-24-2018,Piper's Creek,1690,-,L,Ch,U,-,-,A,F,U,-,Unk,U,
112418142,11-24-2018,Piper's Creek,1690,-,L,Ch,U,-,-,A,F,U,-,Unk,U,
112418143,11-24-2018,Piper's Creek,1690,-,L,Ch,U,-,-,A,M,U,-,Unk,U,
112418144,11-24-2018,Piper's Creek,1690,,L,Ch,U,-,-,A,U,U,-,Unk,U,
112418145,11-24-2018,Piper's Creek,1690,,L,Ch,U,-,-,A,U,U,-,Unk,U,
112418146,11-24-2018,Piper's Creek,1700,-,L,Ch,U,-,-,A,U,U,-,Unk,U,
112418147,11-24-2018,Piper's Creek,1700,-,L,Ch,U,-,-,A,U,U,-,Unk,U,
112418148,11-24-2018,Piper's Creek,1710,-,D,Ch,28.0x5.5,-,-,A,M,Y,48,S,S,10’ up hillside South of Piper’s channel
112418149,11-24-2018,Piper's Creek,1725,-,L,Ch,U,-,-,A,F,U,-,Unk,U,
112418150,11-24-2018,Piper's Creek,1725,-,L,Ch,U,-,-,A,F,U,-,Unk,U,
112418151,11-24-2018,Piper's Creek,1750,-,L,Ch,U,-,-,A,U,U,-,Unk,U,
112418152,11-24-2018,Piper's Creek,1750,-,L,Ch,U,-,-,A,M,U,-,Unk,U,
112418153,11-24-2018,Piper's Creek,1750,-,L,Ch,U,-,-,A,F,U,-,Unk,U,
112418154,11-24-2018,Piper's Creek,1750,-,L,Ch,U,-,-,A,F,U,-,Unk,U,
112418155,11-24-2018,Piper's Creek,1750,-,L,Ch,U,-,-,A,U,U,-,Unk,U,
112418156,11-24-2018,Piper's Creek,1760,-,D,Ch,25.0x5.0,-,-,A,M,Y,>120,P,S,End Pipers
112418157,11-24-2018,Piper's Creek,1760,-,D,Ch,29.0x5.0,-,-,A,M,Y,48,S,S,Begin Venema
112418158,11-24-2018,Piper's Creek,1770,-,D,Ch,25.5x5.5,-,-,A,F,Y,48,Uns,P,Face predated
112418159,11-24-2018,Piper's Creek,1800,-,L,Ch,U,-,-,A,F,U,-,Unk,U,
112418160,11-24-2018,Piper's Creek,1820,-,L,Ch,U,-,-,A,F,U,-,Unk,U,
112418161,11-24-2018,Piper's Creek,1820,-,L,Ch,U,-,-,A,F,U,-,Unk,U,
112418162,11-24-2018,Piper's Creek,1830,-,L,Ch,U,-,-,A,U,U,-,Unk,U,
112418163,11-24-2018,Piper's Creek,1830,-,L,Ch,U,-,-,A,U,U,-,Unk,U,
112418164,11-24-2018,Piper's Creek,1840,-,L,Ch,U,-,-,A,U,U,-,Unk,U,
112418165,11-24-2018,Piper's Creek,1840,-,L,Ch,U,-,-,A,U,U,-,Unk,U,
112418166,11-24-2018,Piper's Creek,1850,-,L,Ch,U,-,-,A,U,U,-,Unk,U,
112418167,11-24-2018,Piper's Creek,1850,-,L,Ch,U,-,-,A,U,U,-,Unk,U,
112418168,11-24-2018,Piper's Creek,1860,-,L,Ch,U,-,-,A,U,U,-,Unk,U,
112418169,11-24-2018,Piper's Creek,1860,-,L,Ch,U,-,-,A,U,U,-,Unk,U,
112418170,11-24-2018,Piper's Creek,1870,-,L,Ch,U,-,-,A,U,U,-,Unk,U,
112418171,11-24-2018,Piper's Creek,1870,-,L,Ch,U,-,-,A,U,U,-,Unk,U,
112418172,11-24-2018,Piper's Creek,1880,-,L,Ch,U,-,-,A,U,U,-,Unk,U,
112418173,11-24-2018,Piper's Creek,1880,-,L,Ch,U,-,-,A,U,U,-,Unk,U,
112418174,11-24-2018,Piper's Creek,1890,-,L,Ch,U,-,-,A,U,U,-,Unk,U,
112418175,11-24-2018,Piper's Creek,1890,-,L,Ch,U,-,-,A,U,U,-,Unk,U,
112418176,11-24-2018,Piper's Creek,1890,-,L,Ch,U,-,-,A,U,U,-,Unk,U,
112418177,11-24-2018,Piper's Creek,1900,-,L,Ch,U,-,-,A,F,U,-,Unk,U,
112418178,11-24-2018,Piper's Creek,1900,-,L,Ch,U,-,-,A,U,U,-,Unk,U,
112418179,11-24-2018,Piper's Creek,1920,-,L,Ch,U,-,-,A,M,U,-,Unk,U,
112418180,11-24-2018,Piper's Creek,1920,-,L,Ch,U,-,-,A,F,U,-,Unk,U,
112418181,11-24-2018,Piper's Creek,1920,-,L,Ch,U,-,-,A,U,U,-,Unk,U,
112418182,11-24-2018,Piper's Creek,1920,-,L,Ch,U,-,-,A,U,U,-,Unk,U,
112418183,11-24-2018,Piper's Creek,1920,-,L,Ch,U,-,-,A,U,U,-,Unk,U,
112418184,11-24-2018,Piper's Creek,1920,-,L,Ch,U,-,-,A,U,U,-,Unk,U,
112418185,11-24-2018,Piper's Creek,1920,-,L,Ch,U,-,-,A,U,U,-,Unk,U,
112418186,11-24-2018,Piper's Creek,1920,-,L,Ch,U,-,-,A,U,U,-,Unk,U,
112418187,11-24-2018,Piper's Creek,1940,-,L,Ch,U,-,-,A,M,U,-,Unk,U,
112418188,11-24-2018,Piper's Creek,1940,-,L,Ch,U,-,-,A,F,U,-,Unk,U,
112418189,11-24-2018,Piper's Creek,1940,-,L,Ch,U,-,-,A,U,U,-,Unk,U,
112418190,11-24-2018,Piper's Creek,1940,-,L,Ch,U,-,-,A,U,U,-,Unk,U,
112418191,11-24-2018,Piper's Creek,1940,-,L,Ch,U,-,-,A,U,U,-,Unk,U,
112418192,11-24-2018,Piper's Creek,1940,-,L,Ch,U,-,-,A,U,U,-,Unk,U,
112418193,11-24-2018,Piper's Creek,1950,-,L,Co,U,-,-,A,U,U,-,Unk,U,Likely male Coho
112418194,11-24-2018,Piper's Creek,1950,-,L,Ch,U,-,-,A,F,U,-,Unk,U,
112418195,11-24-2018,Piper's Creek,1950,-,L,Ch,U,-,-,A,F,U,-,Unk,U,
112418196,11-24-2018,Piper's Creek,1950,-,L,Ch,U,-,-,A,F,U,-,Unk,U,
112418197,11-24-2018,Piper's Creek,1980,-,L,Ch,U,-,-,A,F,U,-,Unk,U,
112418198,11-24-2018,Piper's Creek,1980,-,L,Ch,U,-,-,A,F,U,-,Unk,U,
112418199,11-24-2018,Piper's Creek,1980,-,L,Ch,U,-,-,A,F,U,-,Unk,U,
112418200,11-24-2018,Piper's Creek,1980,-,L,Ch,U,-,-,A,F,U,-,Unk,U,
112418201,11-24-2018,Piper's Creek,1980,-,L,Ch,U,-,-,A,F,U,-,Unk,U,
112418202,11-24-2018,Piper's Creek,1980,-,L,Ch,U,-,-,A,F,U,-,Unk,U,
112418203,11-24-2018,Piper's Creek,1980,-,L,Ch,U,-,-,A,F,U,-,Unk,U,
112418204,11-24-2018,Piper's Creek,2100,-,L,Ch,U,-,-,A,F,U,-,Unk,U,
112418205,11-24-2018,Piper's Creek,2100,-,L,Ch,U,-,-,A,F,U,-,Unk,U,
112418206,11-24-2018,Piper's Creek,2100,-,L,Ch,U,-,-,A,F,U,-,Unk,U,
112418207,11-24-2018,Piper's Creek,2100,-,L,Ch,U,-,-,A,F,U,-,Unk,U,
112418208,11-24-2018,Piper's Creek,2100,-,L,Ch,U,-,-,A,F,U,-,Unk,U,
112418209,11-24-2018,Piper's Creek,2100,-,L,Ch,U,-,-,A,F,U,-,Unk,U,
112418210,11-24-2018,Piper's Creek,2100,-,L,Ch,U,-,-,A,F,U,-,Unk,U,
112418211,11-24-2018,Piper's Creek,2200,-,L,Ch,U,-,-,A,U,U,-,Unk,U,
112418212,11-24-2018,Piper's Creek,2200,-,L,Ch,U,-,-,A,U,U,-,Unk,U,
112418213,11-24-2018,Piper's Creek,2200,-,L,Ch,U,-,-,A,U,U,-,Unk,U,
112418216,11-24-2018,Venema Creek,30,-,L,Ch,U,-,-,A,F,U,-,Unk,U,
112418217,11-24-2018,Venema Creek,50,-,D,Ch,27.0x5.0,-,-,A,M,Y,48,Unk,P/S,
112418218,11-24-2018,Venema Creek,60,-,L,Ch,U,-,-,A,F,U,-,Unk,U,
112418219,11-24-2018,Venema Creek,60,-,L,Ch,U,-,-,A,F,U,-,Unk,U,
112418220,11-24-2018,Venema Creek,80,-,L,Ch,U,-,-,A,M,U,-,Unk,U,
112418221,11-24-2018,Venema Creek,80,-,L,Ch,U,-,-,A,F,U,-,Unk,U,
112418222,11-24-2018,Venema Creek,80,-,L,Ch,U,-,-,A,U,U,-,Unk,U,
112418223,11-24-2018,Venema Creek,100,-,L,Ch,U,-,-,A,F,U,-,Unk,U,
112418224,11-24-2018,Venema Creek,150,-,D,Ch,U,-,-,A,F,Y,24,Uns,S,Face predated
112418225,11-24-2018,Venema Creek,150,-,D,Ch,U,-,-,A,F,Y,24,S,P/S,Face predated
112418226,11-24-2018,Venema Creek,180,-,L,Ch,U,-,-,A,M,Y,-,Unk,U,
112418227,11-24-2018,Venema Creek,210,-,D,Ch,29.0x7.0,-,-,A,F,Y,24,Uns,P/S,
112418228,11-24-2018,Venema Creek,210,-,L,Ch,U,-,-,A,F,Y,-,Unk,U,
112418229,11-24-2018,Venema Creek,210,-,L,Ch,U,-,-,A,U,Y,-,Unk,U,
112418230,11-24-2018,Venema Creek,220,-,L,Ch,U,-,-,A,M,Y,-,Unk,U,
112418231,11-24-2018,Venema Creek,260,-,L,Ch,U,-,-,A,M,Y,-,Unk,U,
112418232,11-24-2018,Venema Creek,260,-,L,Ch,U,-,-,A,M,Y,-,Unk,U,
112418233,11-24-2018,Venema Creek,260,-,L,Ch,U,-,-,A,M,Y,-,Unk,U,
112418234,11-24-2018,Venema Creek,260,-,L,Ch,U,-,-,A,F,Y,-,Unk,U,
112418235,11-24-2018,Venema Creek,300,-,L,Ch,U,-,-,A,M,Y,-,Unk,U,Spawning behavior
112418236,11-24-2018,Venema Creek,300,-,L,Ch,U,-,-,A,F,Y,-,Unk,U,Spawning behavior
112418237,11-24-2018,Venema Creek,310,-,L,Ch,U,-,-,A,M,Y,-,Unk,U,
112418238,11-24-2018,Venema Creek,310,-,L,Ch,U,-,-,A,M,Y,-,Unk,U,
112418239,11-24-2018,Venema Creek,310,-,L,Ch,U,-,-,A,M,Y,-,Unk,U,
112418240,11-24-2018,Venema Creek,350,-,L,Ch,U,-,-,A,F,Y,-,Unk,U,
112418241,11-24-2018,Venema Creek,350,-,L,Ch,U,-,-,A,F,Y,-,Unk,U,
112418242,11-24-2018,Venema Creek,410,-,L,Ct,U,-,-,A,U,U,-,Unk,U,
112418243,11-24-2018,Venema Creek,410,-,L,Ch,U,-,-,A,F,U,-,Unk,U,
112418244,11-24-2018,Venema Creek,410,-,L,Ch,U,-,-,A,F,U,-,Unk,U,
112418245,11-24-2018,Venema Creek,410,-,L,Ch,U,-,-,A,M,U,-,Unk,U,
112418246,11-24-2018,Venema Creek,410,-,L,Ch,U,-,-,A,M,U,-,Unk,U,
112418247,11-24-2018,Venema Creek,500,-,L,Ch,U,-,-,A,M,U,-,Unk,U,
112418248,11-24-2018,Venema Creek,500,-,L,Ch,U,-,-,A,M,U,-,Unk,U,
112418249,11-24-2018,Venema Creek,500,-,D,Ch,U,-,-,A,M,Y,<12,P,S,Bagged and used for dissection class – Rick Henry
112418250,11-24-2018,Venema Creek,500,-,D,Ch,U,-,-,A,M,Y,24,Unk,Y/S,"Some milt remains, but scavenged in belly area"
112418251,11-24-2018,Venema Creek,500,-,D,Ch,U,-,-,A,F,Y,12,Unk,Y/S,Lower belly greatly eaten – no eggs
112418252,11-24-2018,Venema Creek,510,-,D,Ch,30.5x6.0,-,-,A,F,Y,>12,Unk,Y/S,Lower belly greatly eaten – ~100 eggs remained
120118001,12-01-2018,Piper's Creek,Beach,-,R,U,U,-,-,A,U,U,U,Unk,U,
120118002,12-01-2018,Piper's Creek,Beach,-,R,U,U,-,-,A,U,U,U,Unk,U,
120118003,12-01-2018,Piper's Creek,Beach,-,R,U,U,-,-,A,U,U,U,Unk,U,
120118004,12-01-2018,Piper's Creek,Beach,-,R,U,U,-,-,A,U,U,U,Unk,U,
120118005,12-01-2018,Piper's Creek,Beach,-,R,U,U,-,-,A,U,U,U,Unk,U,
120118006,12-01-2018,Piper's Creek,Beach,-,R,U,U,-,-,A,U,U,U,Unk,U,
120118007,12-01-2018,Piper's Creek,Beach,-,R,U,U,-,-,A,U,U,U,Unk,U,
120118008,12-01-2018,Piper's Creek,Beach,-,R,U,U,-,-,A,U,U,U,Unk,U,
120118009,12-01-2018,Piper's Creek,Beach,-,R,U,U,-,-,A,U,U,U,Unk,U,
120118010,12-01-2018,Piper's Creek,Beach,-,D,U,26.0x5.0,-,-,A,U,Y,>96,Unk,P,
120118011,12-01-2018,Piper's Creek,Beach,-,D,Co,22.5x4.5,-,-,A,F,N,72,Unk,Y/S,
120118012,12-01-2018,Piper's Creek,Beach,-,D,Ch,26.0x4.5,-,-,A,F,U,48,S,S,
120118013,12-01-2018,Piper's Creek,50,-,L,Ch,U,-,-,A,U,U,-,Unk,N,In railroad culvert between beach and 100ft flag
120118014,12-01-2018,Piper's Creek,125,-,D,U,24.5x4.5,-,-,A,F,U,>96,S,S,"Adipose fin was small, not sure if it was clipped or not"
120118015,12-01-2018,Piper's Creek,175,-,R,U,U,-,-,A,U,U,U,Unk,U,Debris jam
120118016,12-01-2018,Piper's Creek,200,-,D,Ch,28.0x5.5,-,-,A,M,Y,48,S,S,
120118017,12-01-2018,Piper's Creek,200,-,R,U,U,-,-,A,U,U,U,Unk,U,
120118018,12-01-2018,Piper's Creek,200,-,D,U,25.0x4.5,-,-,A,F,U,72,Unk,Y,Maybe coho?
120118019,12-01-2018,Piper's Creek,200,-,D,Co,22.0x4.0,-,-,A,M,N,24,Uns,N,
120118020,12-01-2018,Piper's Creek,225,-,D,Ch,26.0x4.5,-,-,A,M,Y,120,S,S,
120118021,12-01-2018,Piper's Creek,225,-,D,Ch,25.0x4.0,-,-,A,F,Y,96,Uns,S,
120118022,12-01-2018,Piper's Creek,225,-,D,Ch,26.5x5.0,-,-,A,M,Y,>120,P,N,
120118023,12-01-2018,Piper's Creek,225,-,D,Ch,28.0x4.5,-,-,A,F,Y,72,S,S,
120118024,12-01-2018,Piper's Creek,325,-,D,Ch,29.0x6.0,-,-,A,F,Y,72,S,S,Debris jam
120118025,12-01-2018,Piper's Creek,325,-,D,Co,23.0x4.0,-,-,A,F,N,72,S,N,Debris jam
120118026,12-01-2018,Piper's Creek,325,-,D,Co,24.5x4.0,-,-,A,M,N,120,S,N,Debris jam
120118027,12-01-2018,Piper's Creek,325,-,L,Ch,U,-,-,A,U,U,-,Unk,U,
120118028,12-01-2018,Piper's Creek,425,-,D,Ch,25.0x4.5,-,-,A,M,Y,96,P,N,
120118029,12-01-2018,Piper's Creek,450,-,D,Ch,26.0x5.0,-,-,A,M,Y,96,P,Y,
120118030,12-01-2018,Piper's Creek,450,-,D,Ch,27.0x4.5,-,-,A,M,Y,72,S,S,
120118031,12-01-2018,Piper's Creek,450,-,R,U,U,-,-,A,U,U,U,Unk,U,
120118032,12-01-2018,Piper's Creek,475,-,D,Ch,27.0x4.5,-,-,A,M,Y,120,Unk,S,Debris jam
120118033,12-01-2018,Piper's Creek,475,-,D,Co,22.0x4.5,-,-,A,F,N,24,Uns,N,Debris jam
120118034,12-01-2018,Piper's Creek,475,-,D,Ch,26.5x5.0,-,-,A,M,Y,96,S,N,Debris jam
120118035,12-01-2018,Piper's Creek,475,-,D,Ch,27.0x5.0,-,-,A,M,Y,>120,P,Y,Debris jam
120118036,12-01-2018,Piper's Creek,500,-,D,Ch,24.0x4.0,-,-,A,F,Y,72,S,Y/S,
120118037,12-01-2018,Piper's Creek,500,-,D,Ch,26.0x5.0,-,-,A,M,Y,96,S,S,
120118038,12-01-2018,Piper's Creek,600,-,D,Ch,27.0x4.5,-,-,A,F,Y,72,S,S,
120118039,12-01-2018,Piper's Creek,600,-,D,Ch,26.0x4.5,-,-,A,M,Y,>120,S,S,
120118040,12-01-2018,Piper's Creek,600,-,D,Co,25.0x5.0,-,-,A,M,N,72,Uns,N,
120118041,12-01-2018,Piper's Creek,600,-,D,Ch,29.0x6.0,-,-,A,M,Y,72,P,S,
120118042,12-01-2018,Piper's Creek,600,-,D,Ch,26.0x4.0,-,-,A,M,Y,72,P,S,
120118043,12-01-2018,Piper's Creek,600,-,D,Ch,26.0x5.0,-,-,A,M,Y,48,P,N,
120118044,12-01-2018,Piper's Creek,600,-,R,Ch,U,-,-,A,M,U,144,Unk,U,
120118045,12-01-2018,Piper's Creek,650,-,R,U,U,-,-,A,U,U,u,Unk,U,
120118046,12-01-2018,Piper's Creek,675,-,D,Co,27.0x5.0,-,-,A,M,N,24,P,N,
120118047,12-01-2018,Piper's Creek,675,-,D,Ch,25.0x5.0,-,-,A,F,Y,72,S,N,
120118048,12-01-2018,Piper's Creek,675,-,D,Ch,26.5x5.5,-,-,A,M,Y,>72,S,S,
120118049,12-01-2018,Piper's Creek,700,-,D,Ch,29.0x5.0,-,-,A,F,Y,72,Uns,S,Eyes only
120118050,12-01-2018,Piper's Creek,750,-,D,Ch,24.5x4.5,-,-,A,F,Y,48,Uns,N,
120118051,12-01-2018,Piper's Creek,780,-,L,Ch,U,-,-,A,F,U,-,Unk,U,Under car bridge
120118052,12-01-2018,Piper's Creek,780,-,L,Ch,U,-,-,A,F,U,-,Unk,U,
120118053,12-01-2018,Piper's Creek,800,-,D,Ch,30.0x6.0,-,-,A,M,Y,96,S,S,Eyes ony
120118054,12-01-2018,Piper's Creek,800,-,D,U,24.0x4.0,-,-,A,F,Y,48,P,S,
120118055,12-01-2018,Piper's Creek,800,-,D,Ch,26.0x4.5,-,-,A,F,Y,72,S,S,
120118056,12-01-2018,Piper's Creek,800,-,D,Ch,26.0x4.5,-,-,A,M,Y,>96,S,S,
120118057,12-01-2018,Piper's Creek,800,-,D,Ch,28.0x5.5,-,-,A,M,Y,72,S,S,
120118058,12-01-2018,Piper's Creek,850,-,D,Ch,25.0x5.0,-,-,A,M,Y,24,S,N,
120118059,12-01-2018,Piper's Creek,900,-,D,Ch,27.0x4.0,-,-,A,F,Y,72,S,S,Eyes only
120118060,12-01-2018,Piper's Creek,925,-,D,Ch,25.0x5.0,-,-,A,F,Y,72,S,S,
120118061,12-01-2018,Piper's Creek,925,-,D,Ch,28.0x4.5,-,-,A,F,Y,72,S,S,
120118062,12-01-2018,Piper's Creek,975,-,D,Ch,25.0x4.0,-,-,A,F,Y,48,S,S,
120118063,12-01-2018,Piper's Creek,1000,-,D,Ch,27.0x5.0,-,-,A,F,Y,48,S,S,
120118064,12-01-2018,Piper's Creek,1000,-,D,Ch,31.0x5.5,-,-,A,M,Y,24,P,N,
120118065,12-01-2018,Piper's Creek,1070,-,L,Ch,U,-,-,A,F,U,-,Unk,U,On its side mildly gasping – about to die
120118066,12-01-2018,Piper's Creek,1075,-,D,Co,21.0x4.5,-,-,A,F,N,24,Uns,N,
120118067,12-01-2018,Piper's Creek,1075,-,D,Ch,29.0x6.0,-,-,A,M,Y,96,P,N,
120118068,12-01-2018,Piper's Creek,1100,-,D,Ch,22.0x4.0,-,-,A,M,Y,72,P,Y,
120118069,12-01-2018,Piper's Creek,1110,-,L,Ch,U,-,-,A,F,U,-,Unk,U,
120118070,12-01-2018,Piper's Creek,1150,-,D,Ch,26.0x4.0,-,-,A,F,Y,48,S,S,
120118071,12-01-2018,Piper's Creek,1150,-,D,Ch,24.0x4.0,-,-,A,F,Y,72,P,S,Eyes only
120118072,12-01-2018,Piper's Creek,1200,-,D,Ch,29.0x5.0,-,-,A,F,Y,72,S,N,
120118073,12-01-2018,Piper's Creek,1200,-,D,Ch,25.0x5.0,-,-,A,M,Y,48,Uns,Y/S,
120118074,12-01-2018,Piper's Creek,1200,-,D,Ch,26.0x4.0,-,-,A,F,Y,>72,Uns,N,
120118075,12-01-2018,Piper's Creek,1250,-,D,U,24.0x4.0,-,-,A,U,Y,96,Unk,Y/S,Predation
120118076,12-01-2018,Piper's Creek,1250,-,D,Ch,25.0x4.5,-,-,A,F,Y,48,P,S,
120118077,12-01-2018,Piper's Creek,1250,-,D,Ch,26.0x4.0,-,-,A,F,Y,24,S,N,
120118078,12-01-2018,Piper's Creek,1300,-,L,Ch,U,P,-,A,F,U,-,Unk,U,
120118079,12-01-2018,Piper's Creek,1300,-,L,Ch,U,P,-,A,F,U,-,Unk,U,
120118080,12-01-2018,Piper's Creek,1300,-,L,Ch,U,P,-,A,F,U,-,Unk,U,
120118081,12-01-2018,Piper's Creek,1300,-,L,Ch,U,P,-,A,M,U,-,Unk,U,
120118082,12-01-2018,Piper's Creek,1300,-,L,Ch,U,P,-,A,M,U,-,Unk,U,
120118083,12-01-2018,Piper's Creek,1300,-,D,U,25.0x4.5,-,-,A,M,Y,120,S,S,
120118084,12-01-2018,Piper's Creek,1300,-,D,Ch,25.0x5.0,-,-,A,F,Y,48,S,S,
120118085,12-01-2018,Piper's Creek,1300,-,D,Ch,29.0x5.5,-,-,A,M,Y,72,S,S,
120118086,12-01-2018,Piper's Creek,1300,-,R,U,U,-,-,A,U,U,U,Unk,U,
120118087,12-01-2018,Piper's Creek,1310,-,L,Ch,U,-,-,A,U,U,-,Unk,U,
120118088,12-01-2018,Piper's Creek,1325,-,D,Ch,25.5x4.5,-,-,A,M,Y,72,P,S,
120118089,12-01-2018,Piper's Creek,1325,-,D,Ch,30.0x5.5,-,-,A,M,Y,120,S,S,
120118090,12-01-2018,Piper's Creek,1325,-,D,Ch,27.0x4.0,-,-,A,F,Y,120,S,S,
120118091,12-01-2018,Piper's Creek,1325,-,D,Ch,24.0x4.5,-,-,A,F,Y,96,S,S,
120118092,12-01-2018,Piper's Creek,1325,-,D,Ch,26.0x6.5,-,-,A,F,Y,120,Uns,S,
120118093,12-01-2018,Piper's Creek,1325,-,D,Ch,24.0x4.5,-,-,A,M,Y,24,S,N,
120118094,12-01-2018,Piper's Creek,1340,-,L,Ch,U,-,-,A,F,U,-,Unk,U,
120118095,12-01-2018,Piper's Creek,1390,-,L,Ch,U,-,-,A,F,U,-,Unk,U,
120118096,12-01-2018,Piper's Creek,1390,-,L,Ch,U,-,-,A,M,U,-,Unk,U,
120118097,12-01-2018,Piper's Creek,1400,-,L,Ch,U,-,-,A,F,U,-,Unk,U,
120118098,12-01-2018,Piper's Creek,1400,-,L,Ch,U,-,-,A,U,U,-,Unk,U,
120118099,12-01-2018,Piper's Creek,1400,-,L,Ch,U,-,-,A,M,U,-,Unk,U,
120118100,12-01-2018,Piper's Creek,1400,-,D,Ch,27.5x5.0,-,-,A,M,Y,96,S,S,
120118101,12-01-2018,Piper's Creek,1400,-,D,Ch,26.5x5.0,-,-,A,F,Y,<24,P,N,
120118102,12-01-2018,Piper's Creek,1450,-,D,Ch,25.5x4.5,--,-,A,F,Y,48,S,S,
120118103,12-01-2018,Piper's Creek,1450,-,D,Ch,30.5x6.0,-,-,A,M,Y,96,Uns,S,
120118104,12-01-2018,Piper's Creek,1450,-,D,Ch,26.0x4.0,-,-,A,F,Y,48,S,N,
120118105,12-01-2018,Piper's Creek,1450,-,D,Ch,24.0x4.0,-,-,A,M,Y,96,P,S,
120118106,12-01-2018,Piper's Creek,1450,-,D,Ch,27.0x4.0,-,-,A,F,Y,120,S,S,
120118107,12-01-2018,Piper's Creek,1450,-,D,Ch,29.0x5.5,-,-,A,M,Y,120,S,S,
120118108,12-01-2018,Piper's Creek,1450,-,L,Ch,U,-,-,A,U,U,-,Unk,U,
120118109,12-01-2018,Piper's Creek,1450,-,L,Ch,U,-,-,A,U,U,-,Unk,U,
120118110,12-01-2018,Piper's Creek,1450,-,L,Ch,U,-,-,A,F,U,-,Unk,U,
120118111,12-01-2018,Piper's Creek,1500,-,L,Ch,U,-,-,A,F,U,-,Unk,U,
120118112,12-01-2018,Piper's Creek,1500,-,L,Ch,U,-,-,A,U,U,-,Unk,U,
120118113,12-01-2018,Piper's Creek,1500,-,D,Ch,26.0x4.5,-,-,A,F,Y,72,Unk,Y/S,
120118114,12-01-2018,Piper's Creek,1500,-,R,Ch,Ux5.0,-,-,A,U,Y,96,Unk,Y/S,headless
120118115,12-01-2018,Piper's Creek,1525,-,D,Ch,27.0x4.5,-,-,A,F,Y,120,S,S,
120118116,12-01-2018,Piper's Creek,1525,-,D,U,U,-,-,A,U,U,U,Unk,Y/S,
120118117,12-01-2018,Piper's Creek,1530,-,L,Ch,U,-,-,A,F,U,-,Unk,U,
120118118,12-01-2018,Piper's Creek,1530,-,L,Ch,U,-,-,A,F,U,-,Unk,U,"Equilibrium, swimming erratically – video taken by Rick Henry"
120118119,12-01-2018,Piper's Creek,1575,-,D,Ch,29.0x5.0,-,-,A,F,Y,72,P,N,
120118120,12-01-2018,Piper's Creek,1575,-,D,Ch,27.0x5.0,-,-,A,M,Y,96,P,S,
120118121,12-01-2018,Piper's Creek,1575,-,D,Ch,27.0x5.0,-,-,A,M,Y,48,P,S,
120118122,12-01-2018,Piper's Creek,1600,-,D,Ch,31.5x6.5,-,-,A,M,Y,24,P,N,
120118123,12-01-2018,Piper's Creek,1600,-,D,Ch,24.5x5.0,-,-,A,M,Y,24,Uns,N,
120118124,12-01-2018,Piper's Creek,1600,-,D,Ch,28.0x4.5,-,-,A,M,U,U,Unk,S,
120118125,12-01-2018,Piper's Creek,1625,-,D,Ch,24.0x4.5,-,-,A,U,Y,120,Unk,S,
120118126,12-01-2018,Piper's Creek,1680,-,L,Ch,U,-,-,A,F,U,-,Unk,U,
120118127,12-01-2018,Piper's Creek,1700,-,L,Ch,U,-,-,A,U,U,-,Unk,U,
120118128,12-01-2018,Piper's Creek,1700,-,D,Ch,26.0x5.0,-,-,A,M,Y,48,P,N,
120118129,12-01-2018,Piper's Creek,1720,-,L,Ch,U,-,-,A,F,U,-,Unk,U,
120118130,12-01-2018,Piper's Creek,1750,-,R,U,U,-,-,A,U,U,U,Unk,U,
120118131,12-01-2018,Piper's Creek,1750,-,D,Ch,25.0x4.0,-,-,A,F,Y,72,S,S,
120118132,12-01-2018,Piper's Creek,1750,-,D,Ch,27.5x5.0,-,-,A,M,Y,96,S,S,
120118133,12-01-2018,Piper's Creek,1750,-,D,Ch,31.0x5.5,-,-,A,F,Y,48,P,N,
120118134,12-01-2018,Piper's Creek,1775,-,L,Ch,U,-,-,A,M,U,-,Unk,U,
120118135,12-01-2018,Piper's Creek,1800,-,L,Ch,U,-,-,A,F,U,-,Unk,U,Paired courtship activity – just downstream from footbridge
120118136,12-01-2018,Piper's Creek,1800,-,L,Ch,U,-,-,A,M,U,-,Unk,U,Paired courtship activity – just downstream from footbridge
120118137,12-01-2018,Piper's Creek,1810,-,L,Ch,U,-,-,A,U,U,-,Unk,U,
120118138,12-01-2018,Piper's Creek,1810,-,L,Ch,U,-,-,A,F,U,-,Unk,U,
120118139,12-01-2018,Piper's Creek,1810,-,L,Ch,U,-,-,A,U,U,-,Unk,U,
120118140,12-01-2018,Piper's Creek,1875,-,D,Ch,26.5x4.5,-,-,A,F,Y,48,S,S,
120118141,12-01-2018,Piper's Creek,1875,-,D,Ch,26.0x5.0,-,-,A,M,Y,72,S,S,
120118142,12-01-2018,Piper's Creek,1875,-,D,Ch,26.5x5.0,-,-,A,F,Y,120,P,Y/S,
120118143,12-01-2018,Piper's Creek,1900,-,L,Ch,U,-,-,A,F,U,-,Unk,U,
120118144,12-01-2018,Piper's Creek,1950,-,L,Ch,U,-,-,A,M,U,-,Unk,U,
120118145,12-01-2018,Piper's Creek,1950,-,L,Ch,U,-,-,A,F,U,-,Unk,U,
120118146,12-01-2018,Piper's Creek,1900,-,D,Ch,26.0x4.5,-,-,A,F,Y,72,P,S,
120118147,12-01-2018,Piper's Creek,1950,-,D,Ch,26.0x4.5,-,-,A,F,Y,96,S,U,
120118148,12-01-2018,Piper's Creek,1950,-,D,Ch,25.0x4.5,-,-,A,F,Y,72,S,S,
120118149,12-01-2018,Piper's Creek,1950,-,D,Co,20.0x4.5,-,-,A,M,N,24,Uns,N,
120118150,12-01-2018,Piper's Creek,1950,-,L,Ch,U,-,-,A,F,U,-,Unk,U,
120118151,12-01-2018,Piper's Creek,1970,-,L,Ch,U,-,-,A,F,U,-,Unk,U,
120118152,12-01-2018,Piper's Creek,2000,-,D,Ch,26.0x4.5,-,-,A,F,Y,>96,Uns,S,Chewed snout
120118153,12-01-2018,Piper's Creek,2000,-,D,Ch,24.5x4.5,-,-,A,M,Y,>120,S,S,
120118156,12-01-2018,Venema Creek,30,-,L,Ch,U,-,-,A,F,U,-,Unk,U,
120118157,12-01-2018,Venema Creek,35,-,D,Ch,25.0x5.0,-,-,A,F,Y,>96,Uns,S,Some eggs still attached to egg sac
120118158,12-01-2018,Venema Creek,100,-,D,Ch,27.5x5.5,-,-,A,M,Y,96,S,S,
120118159,12-01-2018,Venema Creek,200,-,D,Ch,U,-,-,A,U,U,-,Unk,U,
120118160,12-01-2018,Venema Creek,220,-,D,Ch,25.0x4.5,-,-,A,F,Y,96,S,S,Eyes only
120118161,12-01-2018,Venema Creek,220,-,D,Ch,25.0x4.25,-,-,A,F,Y,96,S,S,Eyes only
120118162,12-01-2018,Venema Creek,310,-,L,Ch,U,-,-,A,F,U,-,Unk,U,Mating behavior at 310ft
120118163,12-01-2018,Venema Creek,310,-,L,Ch,U,-,-,A,F,U,-,Unk,U,Mating behavior at 310ft
120118164,12-01-2018,Venema Creek,310,-,L,Ch,U,-,-,A,M,U,-,Unk,U,Mating behavior at 310ft
120118165,12-01-2018,Venema Creek,360,-,D,Ch,29.5x5.5,-,-,A,M,Y,>96,P,N,Mostly spawned
120118166,12-01-2018,Venema Creek,390,-,L,Ch,U,-,-,A,U,U,-,Unk,U,
120118167,12-01-2018,Venema Creek,390,-,L,Ch,U,-,-,A,F,U,-,Unk,U,
120118168,12-01-2018,Venema Creek,390,-,D,Ch,25.0x5.0,-,-,A,M,Y,72,S,S,Eyes only
120118169,12-01-2018,Venema Creek,390,-,D,Ch,25.25x4.5,-,-,A,U,Y,>96,S,S,Possible female
120118170,12-01-2018,Venema Creek,490,-,L,Ch,U,-,-,A,F,U,-,Unk,U,
120118171,12-01-2018,Venema Creek,500,-,L,Ch,U,-,-,A,F,U,-,Unk,U,
120118172,12-01-2018,Venema Creek,500,-,L,Ch,U,-,-,A,F,U,-,Unk,U,
120118173,12-01-2018,Venema Creek,500,-,L,Ch,U,-,-,A,M,U,-,Unk,U,
120118174,12-01-2018,Venema Creek,500,-,L,Ch,U,-,-,A,M,U,-,Unk,U,
120118175,12-01-2018,Venema Creek,500,-,L,Ch,U,-,-,A,F,U,-,Unk,U,
120118176,12-01-2018,Venema Creek,500,-,L,Ch,U,-,-,A,F,U,-,Unk,U,
120118177,12-01-2018,Venema Creek,500,-,L,Ch,U,-,-,A,U,U,-,Unk,U,
120118178,12-01-2018,Venema Creek,500,-,D,Ch,24.5x4.5,-,-,A,M,Y,>96,S,S,Eyes only
120118179,12-01-2018,Venema Creek,515,-,D,Ch,24.0x4.5,-,-,A,F,Y,U,P,Y/S,Egg sacs not apparent- eggs loose in cavity
120118180,12-01-2018,Venema Creek,530,-,L,Ch,U,-,-,A,M,U,-,Unk,U,
120118181,12-01-2018,Venema Creek,550,-,D,Ch,26.5x5.25,-,-,A,M,Y,84,P,N,
120118182,12-01-2018,Venema Creek,550,-,D,Ch,24.0x4.5,-,-,A,M,Y,96,P,N,
120118183,12-01-2018,Venema Creek,660,-,D,Ch,24.0x5.0,-,-,A,M,Y,72,P,N,
120118184,12-01-2018,Venema Creek,690,-,D,Ch,26.0x5.0,-,-,A,M,Y,72,P,N,
120118185,12-01-2018,Venema Creek,710,-,L,Ch,U,-,-,A,M,U,-,Unk,U,In the Intake System plunge pool
120818001,12-08-2018,Piper's Creek,Beach,-,D,Ch,28.0x6.0,-,-,A,M,Y,96,S,S,
120818002,12-08-2018,Piper's Creek,Beach,-,D,Ch,25.0x4.5,-,-,A,M,Y,96,S,S,
120818003,12-08-2018,Piper's Creek,50,-,L,U,U,-,-,A,U,U,-,Unk,U,
120818004,12-08-2018,Piper's Creek,50,-,L,U,U,-,-,A,U,U,-,Unk,U,
120818005,12-08-2018,Piper's Creek,50,-,L,U,U,-,-,A,U,U,-,Unk,U,
120818006,12-08-2018,Piper's Creek,50,-,L,U,U,-,-,A,U,U,-,Unk,U,
120818007,12-08-2018,Piper's Creek,160,-,D,Ch,24.5x5.0,-,-,A,M,Y,12,P,N,
120818008,12-08-2018,Piper's Creek,275,-,L,Ct,U,-,-,U,U,U,-,Unk,U,
120818009,12-08-2018,Piper's Creek,430,-,D,Ch,27.0x4.0,-,-,A,F,Y,168,Unk,S,
120818010,12-08-2018,Piper's Creek,470,-,L,Ct,U,-,-,U,U,U,-,Unk,U,
120818011,12-08-2018,Piper's Creek,530,-,D,Ch,30.0x6.0,-,-,A,F,Y,96,Uns,S,
120818012,12-08-2018,Piper's Creek,540,-,L,Ct,U,-,-,U,U,U,-,Unk,U,
120818013,12-08-2018,Piper's Creek,670,-,D,Ch,26.0x5.0,-,-,A,M,Y,120,S,S,
120818014,12-08-2018,Piper's Creek,790,-,D,Ch,25.5x5.0,-,-,A,F,Y,144,S,S,
120818015,12-08-2018,Piper's Creek,800,-,D,Ch,26.0x4.5,-,-,A,F,Y,72,S,P/S,
120818016,12-08-2018,Piper's Creek,800,-,D,Ch,26.0x4.5,-,-,A,M,Y,24,S,N,
120818017,12-08-2018,Piper's Creek,800,-,D,Unk,22.0x4.5,-,-,A,F,Y,96,S,S,Likely Chum
120818018,12-08-2018,Piper's Creek,995,-,D,Ch,25.0x4.5,-,-,A,M,Y,96,S,S,
120818019,12-08-2018,Piper's Creek,1060,-,D,Ch,26.0x4.0,-,-,A,F,Y,72,S,S,
120818020,12-08-2018,Piper's Creek,1070,-,D,Ch,25.5x5.0,-,-,A,F,Y,120,S,S,
120818021,12-08-2018,Piper's Creek,1070,-,D,Ch,25.0x4.0,-,-,A,F,Y,72,S,S,
120818022,12-08-2018,Piper's Creek,1070,-,D,Ch,24.5x5.0,-,-,A,F,Y,48,S,S,
120818023,12-08-2018,Piper's Creek,1070,-,D,Ch,25.0x4.0,-,-,A,F,Y,96,S,S,
120818024,12-08-2018,Piper's Creek,1070,-,D,Ch,27.5x5.5,-,-,A,M,Y,96,S,S,
120818025,12-08-2018,Piper's Creek,1070,-,D,Ch,27.0x4.5,-,-,A,F,Y,72,S,P,
120818026,12-08-2018,Piper's Creek,1120,-,D,Ch,25.5x5.0,-,-,A,F,Y,48,S,P,
120818027,12-08-2018,Piper's Creek,1140,-,D,Ch,25.0x4.0,-,-,A,F,Y,24,S,N,
120818028,12-08-2018,Piper's Creek,1140,-,D,Ch,24.5x4.5,-,-,A,F,Y,24,S,N,
120818029,12-08-2018,Piper's Creek,1220,-,D,Ch,24.0x4.5,-,-,A,F,Y,144,Unk,S,
120818030,12-08-2018,Piper's Creek,1250,-,D,Ch,30.0x6.0,-,-,A,M,Y,72,P,S,
120818031,12-08-2018,Piper's Creek,1250,-,L,Ch,U,-,-,A,M,U,-,U,U,
120818032,12-08-2018,Piper's Creek,1250,-,L,Ch,U,-,-,A,U,U,-,U,U,
120818033,12-08-2018,Piper's Creek,1250,-,D,Ch,25.0x3.5,-,-,A,F,Y,96,S,S,
120818034,12-08-2018,Piper's Creek,1250,-,D,Ch,25.5x5.0,-,-,A,F,Y,72,S,S,
120818035,12-08-2018,Piper's Creek,1250,-,D,Ch,25.0x4.5,-,-,A,F,Y,120,S,S,
120818036,12-08-2018,Piper's Creek,1250,-,L,Ct,U,-,-,U,U,U,-,U,U,
120818037,12-08-2018,Piper's Creek,1250,-,D,Ch,29.0x6.0,-,-,A,F,Y,72,P,S,
120818038,12-08-2018,Piper's Creek,1250,-,D,Ch,25.0x4.5,-,-,A,M,Y,72,S,S,
120818039,12-08-2018,Piper's Creek,1250,-,D,Ch,24.5x5.0,-,-,A,M,Y,48,P,S,
120818040,12-08-2018,Piper's Creek,1250,-,D,Ch,27.0x4.5,-,-,A,M,Y,72,S,S,
120818041,12-08-2018,Piper's Creek,1300,-,D,Ch,27.0x5.5,-,-,A,M,Y,96,S,S,
120818042,12-08-2018,Piper's Creek,1300,-,D,Ch,30.0x5.0,-,-,A,F,Y,72,S,N,
120818043,12-08-2018,Piper's Creek,1330,-,D,Ch,26.0x4.0,-,-,A,F,Y,120,S,S,
120818044,12-08-2018,Piper's Creek,1350,-,D,Ch,24.0x4.5,-,-,A,F,Y,72,S,S,
120818045,12-08-2018,Piper's Creek,1360,-,D,Ch,29.0x4.5,-,-,A,F,Y,24,S,N,
120818046,12-08-2018,Piper's Creek,1470,-,D,Ch,24.0x4.0,-,-,A,M,Y,96,S,S,
120818047,12-08-2018,Piper's Creek,1470,-,D,Ch,24.5x4.5,-,-,A,F,Y,48,S,N,
120818048,12-08-2018,Piper's Creek,1470,-,D,Ch,25.0x3.5,-,-,A,F,Y,120,S,S,
120818049,12-08-2018,Piper's Creek,1470,-,D,Ch,26.0x4.5,-,-,A,F,Y,72,S,S,
120818050,12-08-2018,Piper's Creek,1490,-,D,Ch,25.5x4.5,-,-,A,F,Y,120,S,S,
120818051,12-08-2018,Piper's Creek,1500,-,D,Ch,26.0x4.5,-,-,A,F,Y,48,Unk,S,
120818052,12-08-2018,Piper's Creek,1540,-,L,Ch,U,-,-,A,F,U,-,U,U,
120818053,12-08-2018,Piper's Creek,1550,-,D,CH,27.0x5.0,-,-,A,F,Y,72,P,S,
120818054,12-08-2018,Piper's Creek,1700,-,L,CH,U,-,-,A,F,U,-,U,U,
120818055,12-08-2018,Piper's Creek,1685,-,D,Ch,24.0x4.0,-,-,A,F,Y,96,S,S,
120818056,12-08-2018,Piper's Creek,1680,-,D,CH,27.0x5.5,-,-,A,M,Y,96,S,S,
120818057,12-08-2018,Piper's Creek,1790,-,R,U,U,-,-,A,U,U,U,U,U,Head only
120818058,12-08-2018,Piper's Creek,1800,-,R,U,U,-,-,A,U,U,U,U,U,"Lower body only, mostly skin"
120818059,12-08-2018,Piper's Creek,1940,-,D,Ch,23.0x5.0,-,-,A,F,Y,-,S,N,
120818062,12-08-2018,Venema Creek,35,-,D,Ch,26.0x5.5,-,-,A,M,Y,72,S,S,
120818063,12-08-2018,Venema Creek,150,-,D,Ch,26.0x4.0,-,-,A,M,Y,96,S,S,
120818064,12-08-2018,Venema Creek,285,-,D,Ch,24.5x5.0,-,-,A,F,Y,72,Unk,S,Heavily scavenged –claw sliced belly with loss of eggs
120818065,12-08-2018,Venema Creek,295,-,D,Ch,25.0x5.5,-,-,A,M,Y,72,S,S,
120818066,12-08-2018,Venema Creek,380,-,D,Ch,26.0x5.5,-,-,A,M,Y,72,S,S,
120818067,12-08-2018,Venema Creek,390,-,D,Ch,26.0x5.0,-,-,A,F,Y,<24,S,S,"Eyes scavenged, claw slice in belly, but no loss of eggs"
120818068,12-08-2018,Venema Creek,430,-,D,Ch,26.5x5.0,-,-,A,F,Y,72,S,S,
120818069,12-08-2018,Venema Creek,430,-,D,Ch,24.0x5.0,-,-,A,M,Y,24,P,N,
120818070,12-08-2018,Venema Creek,490,-,D,Ch,27.0x5.0,-,-,A,M,Y,36,S,S,
120818071,12-08-2018,Venema Creek,500,-,D,Ch,26.0x5.0,-,-,A,F,Y,36,S,S,Caudal region well worn from nest building
120818072,12-08-2018,Venema Creek,525,-,D,Ch,26.0x5.0,-,-,A,M,Y,24,P,N,
120818073,12-08-2018,Venema Creek,700,-,D,Ch,24.0x4.5,-,-,A,M,Y,<12,Unk,P/S,"Was live near Intake pool on 12/7/18 with tooth punctures near head; now dead, it is heavily scavenged with open body cavity"
121518003,12-15-2018,Piper's Creek,50,-,D,U,U,-,-,A,U,U,-,Unk,U,"These fish were alive on 12/01/18, presumed dead on 12/15/18"
121518004,12-15-2018,Piper's Creek,50,-,D,U,U,-,-,A,U,U,-,Unk,U,"These fish were alive on 12/01/18, presumed dead on 12/15/18"
121518005,12-15-2018,Piper's Creek,50,-,D,U,U,-,-,A,U,U,-,Unk,U,"These fish were alive on 12/01/18, presumed dead on 12/15/18"
121518006,12-15-2018,Piper's Creek,50,-,D,U,U,-,-,A,U,U,-,Unk,U,"These fish were alive on 12/01/18, presumed dead on 12/15/18"
121518031,12-15-2018,Piper's Creek,1250,-,D,Ch,U,-,-,A,M,U,-,Unk,U,"These fish were alive on 12/01/18, presumed dead on 12/15/18"
121518032,12-15-2018,Piper's Creek,1250,-,D,Ch,U,-,-,A,U,U,-,Unk,U,"These fish were alive on 12/01/18, presumed dead on 12/15/18"
121518052,12-15-2018,Piper's Creek,1540,-,D,Ch,U,-,-,A,F,U,-,Unk,U,"These fish were alive on 12/01/18, presumed dead on 12/15/18"
121518054,12-15-2018,Piper's Creek,1700,-,D,Ch,U,-,-,A,F,U,-,Unk,U,"These fish were alive on 12/01/18, presumed dead on 12/15/18"